dataset_id,study_title,cohort_relevance,file_name,format,approx_size_mb,download_url,role,source_page,notes
"GSE342773","Visceral adipose tissue single-nucleus RNA-seq with T2D-related groups","Direct control-versus-T2D relevance","GSE342773_VAT_snRNA_matrix.mtx.gz","MTX.GZ","318.3",https://www.ncbi.nlm.nih.gov/geo/download/?acc=GSE342773&format=file&file=GSE342773_VAT_snRNA_matrix.mtx.gz,"raw sparse count matrix","https://www.ncbi.nlm.nih.gov/geo/query/acc.cgi?acc=GSE342773","Keep compressed; load with Matrix/Seurat/Scanpy."
"GSE342773","Visceral adipose tissue single-nucleus RNA-seq with T2D-related groups","Direct control-versus-T2D relevance","GSE342773_VAT_snRNA_barcodes.tsv.gz","TSV.GZ","0.446",https://www.ncbi.nlm.nih.gov/geo/download/?acc=GSE342773&format=file&file=GSE342773_VAT_snRNA_barcodes.tsv.gz,"cell barcodes","https://www.ncbi.nlm.nih.gov/geo/query/acc.cgi?acc=GSE342773","Companion file for the MTX matrix."
"GSE342773","Visceral adipose tissue single-nucleus RNA-seq with T2D-related groups","Direct control-versus-T2D relevance","GSE342773_VAT_snRNA_features.tsv.gz","TSV.GZ","0.233",https://www.ncbi.nlm.nih.gov/geo/download/?acc=GSE342773&format=file&file=GSE342773_VAT_snRNA_features.tsv.gz,"gene features","https://www.ncbi.nlm.nih.gov/geo/query/acc.cgi?acc=GSE342773","Companion file for the MTX matrix."
"GSE342773","Visceral adipose tissue single-nucleus RNA-seq with T2D-related groups","Direct control-versus-T2D relevance","GSE342773_VAT_snRNA_metadata.tsv.gz","TSV.GZ","0.844",https://www.ncbi.nlm.nih.gov/geo/download/?acc=GSE342773&format=file&file=GSE342773_VAT_snRNA_metadata.tsv.gz,"cell and sample metadata","https://www.ncbi.nlm.nih.gov/geo/query/acc.cgi?acc=GSE342773","Use this file to identify donor groups and cell annotations."
"GSE268904","Human adipose single-cell/nucleus transcriptomics study","Control-versus-metabolic disease relevance","GSE268904_RAW.tar","TAR","998.3",https://www.ncbi.nlm.nih.gov/geo/download/?acc=GSE268904&format=file&file=GSE268904_RAW.tar,"archive of per-sample processed matrices","https://www.ncbi.nlm.nih.gov/geo/query/acc.cgi?acc=GSE268904","Despite the GEO name RAW.tar, the archive contains processed MTX/TSV count-matrix files, not FASTQ reads."
"GSE129363","Single-cell transcriptomics of human adipose stromal vascular fraction","Foundational human adipose reference cohort","GSE129363_Discovery_Cohort_matrix.mtx.gz","MTX.GZ","36.8",https://www.ncbi.nlm.nih.gov/geo/download/?acc=GSE129363&format=file&file=GSE129363_Discovery_Cohort_matrix.mtx.gz,"raw sparse count matrix","https://www.ncbi.nlm.nih.gov/geo/query/acc.cgi?acc=GSE129363","Discovery cohort matrix."
"GSE129363","Single-cell transcriptomics of human adipose stromal vascular fraction","Foundational human adipose reference cohort","GSE129363_Discovery_Cohort_barcodes.tsv.gz","TSV.GZ","0.164",https://www.ncbi.nlm.nih.gov/geo/download/?acc=GSE129363&format=file&file=GSE129363_Discovery_Cohort_barcodes.tsv.gz,"cell barcodes","https://www.ncbi.nlm.nih.gov/geo/query/acc.cgi?acc=GSE129363","Companion file for the MTX matrix."
"GSE129363","Single-cell transcriptomics of human adipose stromal vascular fraction","Foundational human adipose reference cohort","GSE129363_Discovery_Cohort_genes.tsv.gz","TSV.GZ","0.253",https://www.ncbi.nlm.nih.gov/geo/download/?acc=GSE129363&format=file&file=GSE129363_Discovery_Cohort_genes.tsv.gz,"gene features","https://www.ncbi.nlm.nih.gov/geo/query/acc.cgi?acc=GSE129363","Companion file for the MTX matrix."
"GSE129363","Single-cell transcriptomics of human adipose stromal vascular fraction","Foundational human adipose reference cohort","GSE129363_Discovery_Cohort_CellAnnotation.txt.gz","TXT.GZ","0.133",https://www.ncbi.nlm.nih.gov/geo/download/?acc=GSE129363&format=file&file=GSE129363_Discovery_Cohort_CellAnnotation.txt.gz,"cell annotations","https://www.ncbi.nlm.nih.gov/geo/query/acc.cgi?acc=GSE129363","Discovery cohort cell labels."
"GSE129363","Single-cell transcriptomics of human adipose stromal vascular fraction","Foundational human adipose reference cohort","GSE129363_SVF_Normalised_Data.txt.gz","TXT.GZ","77.1",https://www.ncbi.nlm.nih.gov/geo/download/?acc=GSE129363&format=file&file=GSE129363_SVF_Normalised_Data.txt.gz,"normalized expression matrix","https://www.ncbi.nlm.nih.gov/geo/query/acc.cgi?acc=GSE129363","Convenience normalized matrix; retain raw counts for differential-expression workflows."
"GSE278526","Human adipose depot single-nucleus RNA-seq study","Control-versus-metabolic disease relevance","GSE278526_RAW.tar","TAR","446.7",https://www.ncbi.nlm.nih.gov/geo/download/?acc=GSE278526&format=file&file=GSE278526_RAW.tar,"archive of pooled-library processed matrices","https://www.ncbi.nlm.nih.gov/geo/query/acc.cgi?acc=GSE278526","Despite the GEO name RAW.tar, the archive contains processed MTX/TSV matrix files for four pooled libraries."
"GSE278526","Human adipose depot single-nucleus RNA-seq study","Control-versus-metabolic disease relevance","GSE278526_cell_barcodes_metadata.tsv.gz","TSV.GZ","3.2",https://www.ncbi.nlm.nih.gov/geo/download/?acc=GSE278526&format=file&file=GSE278526_cell_barcodes_metadata.tsv.gz,"cell and donor metadata","https://www.ncbi.nlm.nih.gov/geo/query/acc.cgi?acc=GSE278526","Use with the pooled-library matrices."
"GSE249089","Single-nucleus RNA-seq of subcutaneous adipose tissue from 84 METSIM participants","Strong metabolic-trait and T2D relevance","GSE249089_matrix.mtx.gz","MTX.GZ","72.8",https://www.ncbi.nlm.nih.gov/geo/download/?acc=GSE249089&format=file&file=GSE249089_matrix.mtx.gz,"raw sparse count matrix","https://www.ncbi.nlm.nih.gov/geo/query/acc.cgi?acc=GSE249089","Main count matrix."
"GSE249089","Single-nucleus RNA-seq of subcutaneous adipose tissue from 84 METSIM participants","Strong metabolic-trait and T2D relevance","GSE249089_barcodes.tsv.gz","TSV.GZ","0.203",https://www.ncbi.nlm.nih.gov/geo/download/?acc=GSE249089&format=file&file=GSE249089_barcodes.tsv.gz,"cell barcodes","https://www.ncbi.nlm.nih.gov/geo/query/acc.cgi?acc=GSE249089","Companion file for the MTX matrix."
"GSE249089","Single-nucleus RNA-seq of subcutaneous adipose tissue from 84 METSIM participants","Strong metabolic-trait and T2D relevance","GSE249089_features.tsv.gz","TSV.GZ","0.219",https://www.ncbi.nlm.nih.gov/geo/download/?acc=GSE249089&format=file&file=GSE249089_features.tsv.gz,"gene features","https://www.ncbi.nlm.nih.gov/geo/query/acc.cgi?acc=GSE249089","Companion file for the MTX matrix."
"GSE249089","Single-nucleus RNA-seq of subcutaneous adipose tissue from 84 METSIM participants","Strong metabolic-trait and T2D relevance","GSE249089_meta_data.tsv.gz","TSV.GZ","0.232",https://www.ncbi.nlm.nih.gov/geo/download/?acc=GSE249089&format=file&file=GSE249089_meta_data.tsv.gz,"cell and sample metadata","https://www.ncbi.nlm.nih.gov/geo/query/acc.cgi?acc=GSE249089","Use for participant and cell-level annotations."
"GSE176171","A single-cell atlas of human and mouse white adipose tissue","Human adipose reference atlas; obesity-focused","GSE176171_Hs10X.counts.mtx.gz","MTX.GZ","738.4",https://www.ncbi.nlm.nih.gov/geo/download/?acc=GSE176171&format=file&file=GSE176171_Hs10X.counts.mtx.gz,"human raw sparse count matrix","https://www.ncbi.nlm.nih.gov/geo/query/acc.cgi?acc=GSE176171","Human matrix only; mouse files are intentionally excluded."
"GSE176171","A single-cell atlas of human and mouse white adipose tissue","Human adipose reference atlas; obesity-focused","GSE176171_Hs10X.counts.barcodes.tsv.gz","TSV.GZ","0.629",https://www.ncbi.nlm.nih.gov/geo/download/?acc=GSE176171&format=file&file=GSE176171_Hs10X.counts.barcodes.tsv.gz,"human cell barcodes","https://www.ncbi.nlm.nih.gov/geo/query/acc.cgi?acc=GSE176171","Companion file for the human MTX matrix."
"GSE176171","A single-cell atlas of human and mouse white adipose tissue","Human adipose reference atlas; obesity-focused","GSE176171_Hs10X.counts.features.tsv.gz","TSV.GZ","0.222",https://www.ncbi.nlm.nih.gov/geo/download/?acc=GSE176171&format=file&file=GSE176171_Hs10X.counts.features.tsv.gz,"human gene features","https://www.ncbi.nlm.nih.gov/geo/query/acc.cgi?acc=GSE176171","Companion file for the human MTX matrix."
"GSE176171","A single-cell atlas of human and mouse white adipose tissue","Human adipose reference atlas; obesity-focused","GSE176171_cell_metadata.tsv.gz","TSV.GZ","27.1",https://www.ncbi.nlm.nih.gov/geo/download/?acc=GSE176171&format=file&file=GSE176171_cell_metadata.tsv.gz,"cell and donor metadata","https://www.ncbi.nlm.nih.gov/geo/query/acc.cgi?acc=GSE176171","Contains metadata for the atlas; filter to human cells before analysis."
"GSE176067","Characterization of the stromal vascular fraction of human subcutaneous adipose tissue","Non-diabetic reference cohort","GSE176067_RAW.tar","TAR","89.8",https://www.ncbi.nlm.nih.gov/geo/download/?acc=GSE176067&format=file&file=GSE176067_RAW.tar,"archive of processed DGE matrices","https://www.ncbi.nlm.nih.gov/geo/query/acc.cgi?acc=GSE176067","Despite the GEO name RAW.tar, this is a TAR of processed gene-by-cell TSV matrices. The study excluded diabetes."
"GSE281356","Human subcutaneous and visceral adipocyte atlases","Depot comparison reference","GSE281356_RAW.tar","TAR","445.5",https://www.ncbi.nlm.nih.gov/geo/download/?acc=GSE281356&format=file&file=GSE281356_RAW.tar,"archive of per-sample filtered H5 matrices","https://www.ncbi.nlm.nih.gov/geo/query/acc.cgi?acc=GSE281356","Despite the GEO name RAW.tar, this contains processed Cell Ranger H5 matrices, not FASTQ reads."
"HRA002549","Single-cell RNA-seq of visceral adipose stromal vascular fraction in lean, obesity and T2D","Direct lean-control and T2D comparison","figshare_30204607_v1.zip","ZIP","436.45","https://figshare.com/ndownloader/articles/30204607/versions/1","processed study-data bundle","https://ngdc.cncb.ac.cn/gsa-human/browse/HRA002549","Processed-data companion archive. The official HRA accession hosts raw reads; those large FASTQs are intentionally excluded."
